weather_data,City,Country,Lat,Lng,Max Temp,Humidity,Cloudiness,Wind Speed,Current Description
0,Arraial Do Cabo,BR,-22.9661,-42.0278,75.2,88,20,2.33,few clouds
1,Mataura,NZ,-46.1927,168.8643,60.01,73,100,1.99,overcast clouds
2,Pimentel,PE,-6.8367,-79.9342,71.6,78,0,16.11,clear sky
3,Tiksi,RU,71.6872,128.8694,-16.69,98,99,2.08,overcast clouds
4,Rikitea,PF,-23.1203,-134.9692,80.08,74,15,11.5,few clouds
5,Imuris,MX,30.7833,-110.8667,51.62,56,66,13.85,broken clouds
6,Ranong,TH,9.9658,98.6348,84.2,79,40,5.75,scattered clouds
7,Punta Arenas,CL,-53.15,-70.9167,41.0,75,0,28.77,clear sky
8,Vaini,TO,-21.2,-175.2,78.8,83,90,13.8,moderate rain
9,Baykit,RU,61.67,96.37,14.2,90,97,2.42,overcast clouds
10,Ponta Do Sol,PT,32.6667,-17.1,55.0,77,53,5.01,broken clouds
11,Kodiak,US,57.79,-152.4072,35.6,51,1,13.8,clear sky
12,Saldanha,ZA,-33.0117,17.9442,69.8,64,31,6.91,scattered clouds
13,Lavrentiya,RU,65.5833,-171.0,18.01,94,100,8.14,snow
14,Port Alfred,ZA,-33.5906,26.891,66.45,79,98,13.69,overcast clouds
15,Esna,EG,25.2934,32.554,71.6,37,0,9.22,sand
16,Barrow,US,71.2906,-156.7887,-9.4,77,1,9.22,clear sky
17,Busselton,AU,-33.65,115.3333,66.0,58,41,3.0,scattered clouds
18,Calama,CL,-22.4667,-68.9333,53.6,28,0,4.61,clear sky
19,Kavieng,PG,-2.5744,150.7967,80.37,82,100,7.54,light rain
20,Saint-Joseph,RE,-21.3667,55.6167,77.0,78,0,6.91,clear sky
21,East London,ZA,-33.0153,27.9116,65.32,78,59,9.17,broken clouds
22,Prince Rupert,CA,54.3161,-130.3201,44.6,93,90,13.8,moderate rain
23,Castro,BR,-24.7911,-50.0119,64.54,90,97,0.78,overcast clouds
24,Marrakesh,MA,31.6315,-8.0083,51.8,71,0,4.61,clear sky
25,Port Keats,AU,-14.25,129.55,87.37,67,100,6.6,overcast clouds
26,Avera,US,33.194,-82.5271,64.4,94,1,7.47,clear sky
27,Hobart,AU,-42.8794,147.3294,62.01,88,75,11.5,light rain
28,Ribeira Grande,PT,38.5167,-28.7,55.65,56,32,8.88,scattered clouds
29,Naze,JP,28.3667,129.4833,66.2,72,75,17.27,moderate rain
30,Ucluelet,CA,48.9329,-125.5528,45.0,85,100,2.95,overcast clouds
31,Inhambane,MZ,-23.865,35.3833,70.5,72,15,8.61,few clouds
32,Bredasdorp,ZA,-34.5322,20.0403,64.4,88,64,8.05,broken clouds
33,Ginir,ET,7.1333,40.7,56.1,32,3,3.0,clear sky
34,Newala,TZ,-10.9431,39.2787,65.35,97,28,1.19,scattered clouds
35,Rio Grande,BR,-32.035,-52.0986,68.0,95,95,6.55,overcast clouds
36,Salinopolis,BR,-0.6136,-47.3561,77.49,87,99,9.4,overcast clouds
37,Seymchan,RU,62.8833,152.4333,4.87,67,79,5.99,broken clouds
38,Ust-Kulom,RU,61.6864,53.6902,21.34,89,100,10.54,overcast clouds
39,Butaritari,KI,3.0707,172.7902,81.75,78,16,20.92,light rain
40,Saint-Philippe,RE,-21.3585,55.7679,77.0,78,0,6.91,clear sky
41,Dikson,RU,73.5069,80.5464,-4.23,87,100,4.38,overcast clouds
42,Aykhal,RU,66.0,111.5,0.72,85,98,3.09,overcast clouds
43,Chuy,UY,-33.6971,-53.4616,64.8,83,21,5.66,few clouds
44,Cape Town,ZA,-33.9258,18.4232,69.01,72,0,5.75,clear sky
45,Flinders,AU,-34.5833,150.8552,82.0,51,0,8.99,light rain
46,Rivne,UA,50.6231,26.2274,28.0,85,6,1.01,clear sky
47,Hasaki,JP,35.7333,140.8333,66.0,45,40,11.5,scattered clouds
48,Meulaboh,ID,4.1363,96.1285,79.29,84,100,6.26,overcast clouds
49,Hami,CN,42.8,93.45,53.73,22,100,3.15,overcast clouds
50,Albany,US,42.6001,-73.9662,51.01,53,100,3.11,overcast clouds
51,Barcelos,PT,41.5388,-8.6151,46.99,100,20,3.02,few clouds
52,Khasan,RU,42.4308,130.6434,43.02,71,100,3.83,overcast clouds
53,Huimanguillo,MX,17.85,-93.3833,78.8,73,1,8.66,clear sky
54,Hermanus,ZA,-34.4187,19.2345,66.99,84,13,8.99,few clouds
55,Dingle,PH,10.9995,122.6711,86.47,63,97,14.83,overcast clouds
56,Hilo,US,19.7297,-155.09,78.8,65,75,11.5,very heavy rain
57,Atuona,PF,-9.8,-139.0333,80.96,72,100,18.5,overcast clouds
58,Bulgan,MN,48.8125,103.5347,42.21,29,36,2.44,scattered clouds
59,Troitskoye,RU,52.9821,84.6757,30.2,73,75,25.03,broken clouds
60,Avarua,CK,-21.2078,-159.775,84.2,79,40,10.36,scattered clouds
61,Narsipatnam,IN,17.6667,82.6167,78.8,73,8,4.61,haze
62,Bluff,NZ,-46.6,168.3333,60.01,73,89,1.99,overcast clouds
63,Jian,CN,27.1172,114.9793,63.14,64,1,2.91,clear sky
64,Paamiut,GL,61.994,-49.6678,11.34,79,99,11.39,overcast clouds
65,Batagay,RU,67.6333,134.6333,-9.49,86,100,4.12,overcast clouds
66,Provideniya,RU,64.3833,-173.3,31.24,93,100,16.64,light snow
67,Airai,TL,-8.9266,125.4092,72.28,71,46,1.3,scattered clouds
68,Ushuaia,AR,-54.8,-68.3,42.8,93,90,33.38,light rain
69,Fairbanks,US,64.8378,-147.7164,19.4,62,75,9.22,broken clouds
70,Gambiran,ID,-6.7988,111.4951,84.11,67,81,4.41,broken clouds
71,Tocopilla,CL,-22.092,-70.1979,68.85,75,42,5.79,scattered clouds
72,Alofi,NU,-19.0595,-169.9187,84.2,74,30,9.22,light rain
73,Antalaha,MG,-14.9003,50.2788,74.19,90,42,4.03,scattered clouds
74,Teluk Nibung,ID,3.001,99.8164,76.89,90,100,2.42,heavy intensity rain
75,Marsa Matruh,EG,31.3525,27.2453,57.2,47,0,23.02,sand
76,Yellowknife,CA,62.456,-114.3525,-0.4,60,20,10.36,few clouds
77,Lebu,CL,-37.6167,-73.65,56.59,90,12,15.7,few clouds
78,Kabo,CF,7.6994,18.629,76.39,67,100,3.51,overcast clouds
79,Morant Bay,JM,17.8815,-76.4093,78.8,78,20,11.5,few clouds
80,Ixtapa,MX,20.7,-105.2,73.4,73,40,8.05,scattered clouds
81,Tuktoyaktuk,CA,69.4541,-133.0374,-2.2,78,75,13.8,broken clouds
82,Ilulissat,GL,69.2167,-51.1,-5.8,65,90,10.36,overcast clouds
83,Hovd,MN,48.0056,91.6419,44.13,16,100,0.96,overcast clouds
84,Chicama,PE,-7.8447,-79.1469,69.8,88,40,8.05,scattered clouds
85,Kapaa,US,22.0752,-159.319,78.8,47,1,10.36,clear sky
86,Rawlins,US,41.7911,-107.2387,28.4,69,90,20.71,light snow
87,Nova Olimpia,BR,-14.7972,-57.2881,72.05,85,4,2.66,clear sky
88,Mayo,US,38.8876,-76.5119,55.4,76,1,5.75,clear sky
89,Georgetown,MY,5.4112,100.3354,84.2,78,20,1.14,few clouds
90,Qaanaaq,GL,77.484,-69.3632,-23.01,63,96,5.84,overcast clouds
91,Hirado,JP,33.3597,129.5531,64.99,58,75,9.22,broken clouds
92,Yashkul,RU,46.1711,45.3435,41.95,75,100,11.92,light rain
93,Severo-Kurilsk,RU,50.6789,156.125,34.83,85,91,15.97,overcast clouds
94,Togur,RU,58.3631,82.8265,24.12,91,100,5.17,overcast clouds
95,Lovozero,RU,68.005,35.0117,24.31,81,79,11.79,broken clouds
96,Victoria,HK,22.2855,114.1577,71.01,66,76,1.01,broken clouds
97,Talnakh,RU,69.4865,88.3972,5.72,94,100,15.73,light snow
98,Lososina,RU,48.9975,140.3106,32.31,36,2,8.19,clear sky
99,Burnie,AU,-41.0667,145.9167,60.01,90,100,8.99,light rain
100,Tambo,PE,-14.8,-73.9167,37.27,91,100,1.92,light rain
101,Kulhudhuffushi,MV,6.6221,73.07,83.57,70,74,9.57,broken clouds
102,Harur,IN,12.0667,78.5,78.8,78,40,1.45,mist
103,Dukat,RU,62.55,155.55,-1.59,80,68,3.09,broken clouds
104,Saskylakh,RU,71.9167,114.0833,-18.94,92,93,5.75,overcast clouds
105,Mareeba,AU,-17.0,145.4333,90.0,66,59,12.66,broken clouds
106,Prata,BR,-19.3072,-48.9242,75.9,53,100,1.66,overcast clouds
107,Kirkland Lake,CA,48.1446,-80.0377,35.6,93,100,4.23,light rain
108,Bonavista,CA,48.6499,-53.1147,39.2,52,92,11.5,overcast clouds
109,Hithadhoo,MV,-0.6,73.0833,82.99,72,69,8.46,broken clouds
110,Cabedelo,BR,-6.9811,-34.8339,77.0,94,20,3.44,few clouds
111,Deputatskiy,RU,69.3,139.9,-5.96,82,100,3.76,overcast clouds
112,Akyab,MM,20.15,92.9,82.96,67,9,2.35,clear sky
113,Wakkanai,JP,45.4094,141.6739,39.2,65,20,12.66,few clouds
114,Leningradskiy,RU,69.3833,178.4167,4.15,90,100,5.91,overcast clouds
115,Chokurdakh,RU,70.6333,147.9167,-6.74,94,100,11.12,overcast clouds
116,Port Elizabeth,ZA,-33.918,25.5701,66.2,88,20,11.5,few clouds
117,Quimper,FR,48.0,-4.1,48.2,87,90,1.14,overcast clouds
118,Jamestown,US,42.097,-79.2353,55.4,54,1,13.35,clear sky
119,Jaslo,PL,49.7451,21.4725,33.01,96,100,5.26,overcast clouds
120,Clarence Town,AU,-32.5833,151.7833,81.0,50,40,23.02,scattered clouds
121,Ancud,CL,-41.8697,-73.8203,48.0,91,100,5.99,overcast clouds
122,Synya,RU,65.3718,58.0387,16.41,93,100,10.16,overcast clouds
123,Stony Plain,CA,53.5334,-114.0021,39.99,56,90,8.05,overcast clouds
124,Vila Franca Do Campo,PT,37.7167,-25.4333,55.4,82,20,17.27,few clouds
125,Grindavik,IS,63.8424,-22.4338,32.0,80,40,5.75,scattered clouds
126,Buala,SB,-8.145,159.5921,85.33,69,77,4.14,light rain
127,Thompson,CA,55.7435,-97.8558,3.2,60,40,5.75,scattered clouds
128,Ponerihouen,NC,-21.0833,165.4,79.18,67,98,7.09,overcast clouds
129,Tasiilaq,GL,65.6145,-37.6368,6.8,61,10,6.91,clear sky
130,Pennagaram,IN,12.1333,77.9,78.8,78,40,2.48,mist
131,Bathsheba,BB,13.2167,-59.5167,78.8,57,20,14.97,few clouds
132,Arlit,NE,18.7369,7.3853,76.57,14,83,8.5,broken clouds
133,Albanel,CA,48.8832,-72.4487,39.2,81,100,4.61,overcast clouds
134,New Norfolk,AU,-42.7826,147.0587,62.01,84,100,5.95,light rain
135,Carnarvon,AU,-24.8667,113.6333,77.0,61,6,12.66,clear sky
136,Tungor,RU,53.3808,142.9564,15.04,64,29,22.08,scattered clouds
137,Hambantota,LK,6.1241,81.1185,71.6,100,90,3.44,overcast clouds
138,Fortuna,US,40.5982,-124.1573,50.0,87,20,9.22,few clouds
139,Kincardine,GB,56.0667,-3.7167,44.01,87,0,6.91,clear sky
140,Mukhen,RU,48.1,136.1,29.79,41,1,7.78,clear sky
141,Kosa,RU,59.9445,54.9977,17.15,95,99,8.1,overcast clouds
142,Touros,BR,-5.1989,-35.4608,75.2,94,20,3.44,few clouds
143,Gazanjyk,TM,39.2446,55.5154,61.47,42,100,9.15,overcast clouds
144,Todos Santos,MX,23.45,-110.2167,63.0,76,5,1.01,clear sky
145,Mahebourg,MU,-20.4081,57.7,77.0,94,20,4.61,few clouds
146,Mar Del Plata,AR,-38.0023,-57.5575,66.99,68,0,10.0,clear sky
147,Mount Isa,AU,-20.7333,139.5,84.2,65,40,10.36,scattered clouds
148,Kargasok,RU,59.0556,80.8572,21.07,93,100,2.39,overcast clouds
149,Vardo,NO,70.3705,31.1107,32.99,68,8,28.39,clear sky
150,Sault Sainte Marie,CA,46.5168,-84.3333,48.2,49,75,4.61,broken clouds
151,Petropavlovsk-Kamchatskiy,RU,53.0452,158.6483,32.0,51,40,8.95,scattered clouds
152,San Patricio,US,28.017,-97.5169,70.0,83,75,8.05,broken clouds
153,Ambilobe,MG,-13.2,49.05,72.25,95,14,2.51,few clouds
154,Turukhansk,RU,65.8167,87.9833,17.47,92,100,18.7,light snow
155,Umba,RU,66.6871,34.3429,29.52,91,100,9.75,overcast clouds
156,Upernavik,GL,72.7868,-56.1549,-15.81,96,99,1.59,overcast clouds
157,Bethel,US,41.3712,-73.414,51.8,62,1,3.47,clear sky
158,Aksarka,RU,66.5606,67.7975,1.36,99,95,5.23,overcast clouds
159,De-Kastri,RU,51.4667,140.7833,27.28,43,0,12.75,clear sky
160,Cabo San Lucas,MX,22.8909,-109.9124,66.0,63,20,17.27,few clouds
161,Chapais,CA,49.7834,-74.8492,37.4,48,90,3.44,overcast clouds
162,Bima,ID,-8.4667,118.7167,83.86,82,96,1.88,overcast clouds
163,Vestmanna,FO,62.1564,-7.1664,39.2,81,75,16.11,broken clouds
164,Valparaiso,CL,-33.0393,-71.6273,61.0,67,0,10.11,clear sky
165,Bogatoye,RU,53.0601,51.3325,27.19,97,100,8.25,snow
166,Anadyr,RU,64.75,177.4833,19.4,86,40,13.42,snow
167,Maragogi,BR,-9.0122,-35.2225,77.94,80,16,6.49,few clouds
168,Vao,NC,-22.6667,167.4833,75.52,63,98,10.8,overcast clouds
169,Cooma,AU,-36.2333,149.1333,60.8,67,90,17.27,overcast clouds
170,Saint-Pierre,RE,-21.3393,55.4781,77.0,78,0,6.91,clear sky
171,Juneau,US,58.3019,-134.4197,35.6,80,90,3.44,light rain
172,Marawi,PH,7.9986,124.2928,82.99,82,70,4.0,broken clouds
173,Bengkulu,ID,-3.8004,102.2655,79.65,77,95,1.86,overcast clouds
174,Surdulica,RS,42.6906,22.1708,28.96,97,100,3.4,snow
175,Baiyin,CN,36.5583,104.2081,50.0,7,91,4.47,overcast clouds
176,Narsaq,GL,60.9167,-46.05,17.6,41,75,8.05,broken clouds
177,Labuan,MY,5.2767,115.2417,86.0,70,20,3.44,few clouds
178,Pangnirtung,CA,66.1451,-65.7125,-30.71,96,96,5.06,overcast clouds
179,Negombo,LK,7.2083,79.8358,78.8,89,40,2.3,scattered clouds
180,Lompoc,US,34.6391,-120.4579,55.4,58,20,9.22,few clouds
181,Stornoway,GB,58.2093,-6.3865,39.0,87,17,13.8,few clouds
182,La Union,PE,-5.4,-80.75,77.04,64,98,16.46,overcast clouds
183,Ostrovnoy,RU,68.0531,39.5131,27.84,79,9,21.56,clear sky
184,Nikolskoye,RU,59.7035,30.7861,36.0,75,0,4.47,light snow
185,Ornskoldsvik,SE,63.2909,18.7153,26.6,100,93,3.44,overcast clouds
186,Vieste,IT,41.8825,16.175,35.6,80,0,8.05,clear sky
187,Dutlwe,BW,-23.9833,23.9,65.37,77,100,5.3,light rain
188,Norman Wells,CA,65.282,-126.8329,10.4,52,20,17.27,few clouds
189,Richards Bay,ZA,-28.783,32.0377,68.04,81,100,4.07,overcast clouds
190,Geraldton,AU,-28.7667,114.6,78.8,31,0,14.97,clear sky
191,Smolenka,RU,52.1352,113.4974,32.0,64,94,3.85,overcast clouds
192,Nanortalik,GL,60.1432,-45.2371,21.9,71,67,9.15,broken clouds
193,Monroe,US,43.1501,-77.6831,57.2,33,75,6.91,broken clouds
194,Khokhlovo,RU,59.1492,37.3998,26.6,59,75,8.95,broken clouds
195,Sept-Iles,CA,50.2001,-66.3821,35.6,74,40,4.61,scattered clouds
196,Bireun,ID,5.203,96.7009,81.91,69,100,2.19,overcast clouds
197,Camana,PE,-16.6228,-72.7111,71.47,82,97,4.85,light rain
198,Puerto Ayora,EC,-0.7393,-90.3518,75.99,94,31,2.3,scattered clouds
199,Skibbereen,IE,51.55,-9.2667,37.4,93,40,6.91,scattered clouds
200,Torbay,CA,47.6666,-52.7314,39.99,48,75,23.02,broken clouds
201,Richmond,US,37.5538,-77.4603,57.99,94,90,5.75,light intensity drizzle
202,Klaksvik,FO,62.2266,-6.589,39.2,81,75,16.11,broken clouds
203,Chanika,TZ,-5.4167,38.0167,69.46,94,91,2.13,overcast clouds
204,Blagoyevo,RU,63.3667,47.9167,27.97,90,100,12.5,overcast clouds
205,Amapa,BR,1.0,-52.0,71.89,98,100,2.24,overcast clouds
206,Omboue,GA,-1.5746,9.2618,77.63,86,100,5.23,moderate rain
207,Sisimiut,GL,66.9395,-53.6735,-7.02,94,99,9.06,overcast clouds
208,Saint Anthony,US,45.0205,-93.218,46.0,87,90,11.5,mist
209,Iqaluit,CA,63.7506,-68.5145,-22.0,63,20,11.5,snow
210,Flin Flon,CA,54.7682,-101.865,7.52,91,92,3.96,overcast clouds
211,San Cristobal,VE,7.7669,-72.225,75.2,100,75,11.5,broken clouds
212,Snezhnogorsk,RU,69.1933,33.2531,32.0,69,0,8.95,clear sky
213,Diamantino,BR,-14.4086,-56.4461,71.82,86,73,3.6,light rain
214,Rio Gallegos,AR,-51.6226,-69.2181,44.6,53,40,34.52,scattered clouds
215,Saint George,US,37.1041,-113.5841,53.6,28,1,36.82,clear sky
216,Kahului,US,20.8947,-156.47,80.6,61,40,9.22,light rain
217,Namibe,AO,-15.1961,12.1522,72.34,84,100,7.31,overcast clouds
218,Bhongir,IN,17.5108,78.8889,81.0,36,40,3.44,haze
219,Makakilo City,US,21.3469,-158.0858,77.0,73,20,6.91,few clouds
220,Sobolevo,RU,54.4299,31.8996,12.24,95,12,4.03,few clouds
221,Henties Bay,NA,-22.116,14.2845,63.0,94,11,5.01,few clouds
222,Hofn,IS,64.2539,-15.2082,34.88,47,9,6.49,clear sky
223,Noyabrsk,RU,63.1994,75.4507,22.8,95,100,11.63,overcast clouds
224,Saint Marys,US,30.7305,-81.5465,60.01,93,1,8.05,clear sky
225,Amarillo,US,35.222,-101.8313,52.0,57,90,9.22,overcast clouds
226,North Myrtle Beach,US,33.816,-78.68,64.4,77,90,8.05,overcast clouds
227,College,US,64.8569,-147.8028,19.4,53,75,8.05,broken clouds
228,Saint-Francois,FR,46.4154,3.9054,30.99,93,0,4.61,clear sky
229,Lahij,YE,13.1667,44.5833,71.04,29,0,2.68,clear sky
230,Chardara,KZ,41.2547,67.9692,49.12,73,16,7.58,few clouds
231,Bambous Virieux,MU,-20.3428,57.7575,78.01,94,20,4.61,few clouds
232,Carutapera,BR,-1.195,-46.02,75.31,93,100,5.61,overcast clouds
233,Banda Aceh,ID,5.5577,95.3222,80.33,76,100,5.75,overcast clouds
234,Esperance,AU,-33.8667,121.9,64.4,55,90,6.91,overcast clouds
235,Zyryanka,RU,65.75,150.85,-1.5,83,100,14.54,overcast clouds
236,Gamba,GA,-2.65,10.0,77.47,86,87,3.78,light rain
237,Khatanga,RU,71.9667,102.5,-3.73,91,100,3.78,overcast clouds
238,Trat,TH,12.5,102.5,91.99,58,20,11.5,few clouds
239,Sambava,MG,-14.2667,50.1667,74.66,91,52,4.12,broken clouds
240,Portoferraio,IT,42.8115,10.3146,36.0,93,0,6.91,clear sky
241,Rockhampton,AU,-23.3833,150.5,89.6,58,40,9.22,scattered clouds
242,Pedro Juan Caballero,PY,-22.5472,-55.7333,71.28,71,44,4.21,scattered clouds
243,Bandraboua,YT,-12.7044,45.1223,77.0,88,0,1.54,clear sky
244,Surgut,RU,61.25,73.4167,21.2,100,40,6.71,light snow
245,Progreso,MX,21.2833,-89.6667,86.0,58,40,17.27,scattered clouds
246,Mantua,IT,45.1667,10.7833,37.0,69,0,5.75,clear sky
247,Nyurba,RU,63.2842,118.3319,4.91,85,100,2.08,overcast clouds
248,Mount Gambier,AU,-37.8333,140.7667,68.0,77,90,14.97,overcast clouds
249,La Ronge,CA,55.1001,-105.2842,14.0,48,95,6.91,overcast clouds
250,Vestmannaeyjar,IS,63.4427,-20.2734,37.96,60,100,18.59,overcast clouds
251,Pisco,PE,-13.7,-76.2167,69.8,83,75,11.5,broken clouds
252,Eirunepe,BR,-6.6603,-69.8736,71.69,95,100,0.11,overcast clouds
253,Sahuaripa,MX,29.05,-109.2333,62.65,15,0,12.08,clear sky
254,Mocajuba,BR,-2.5842,-49.5072,72.59,97,97,3.02,overcast clouds
255,Cherskiy,RU,68.75,161.3,10.15,90,100,4.59,light snow
256,Praya,CV,14.9215,-23.5087,68.0,77,20,17.27,few clouds
257,Padang,ID,-0.9492,100.3543,84.2,74,40,2.3,scattered clouds
258,Williston,US,48.147,-103.618,33.01,71,90,5.01,overcast clouds
259,Ormara,PK,25.2088,64.6357,74.77,65,0,3.94,clear sky
260,Dustlik,UZ,40.5247,68.0358,50.43,74,50,7.49,scattered clouds
261,Codrington,AU,-38.2667,141.9667,61.95,96,100,9.98,overcast clouds
262,Grootfontein,NA,-19.5667,18.1167,64.4,94,5,4.61,clear sky
263,Hagere Selam,ET,6.4833,38.5167,45.3,46,5,3.94,clear sky
264,Luderitz,NA,-26.6481,15.1594,64.47,81,0,5.82,clear sky
265,Port Hardy,CA,50.6996,-127.4199,44.6,81,90,4.61,light rain
266,Malakal,SS,9.5334,31.6605,83.64,43,52,1.14,broken clouds
267,San Andres,CO,12.5847,-81.7006,80.6,74,20,9.22,few clouds
268,Suntar,RU,62.1444,117.6319,9.43,84,100,1.83,overcast clouds
269,Pevek,RU,69.7008,170.3133,5.58,82,100,3.89,overcast clouds
270,Umm Kaddadah,SD,13.6017,26.6876,82.85,11,79,4.03,broken clouds
271,Gigmoto,PH,13.7796,124.39,84.24,65,87,13.11,overcast clouds
272,San Juan,AR,-31.5375,-68.5364,71.76,46,0,3.11,clear sky
273,Caucaia,BR,-3.7361,-38.6531,81.0,94,20,3.44,few clouds
274,Ahuimanu,US,21.4447,-157.8378,78.8,61,1,10.36,light rain
275,Faya,SA,18.3851,42.4509,57.2,35,0,4.61,clear sky
276,Yerbogachen,RU,61.2767,108.0108,14.14,87,96,8.19,overcast clouds
277,Sitka,US,57.0531,-135.33,42.8,87,90,3.44,light rain
278,Umm Lajj,SA,25.0213,37.2685,85.24,30,0,22.77,clear sky
279,Svetlaya,RU,46.5389,138.3297,37.02,42,0,4.5,clear sky
280,Isla Vista,US,34.4133,-119.861,60.8,48,1,13.8,clear sky
281,Trairi,BR,-3.2778,-39.2689,76.64,85,16,4.81,few clouds
282,Vostok,RU,46.4856,135.8833,31.71,63,7,3.29,clear sky
283,Guerrero Negro,MX,27.9769,-114.0611,58.6,71,53,20.11,broken clouds
284,San Pedro,PH,14.35,121.0167,87.8,58,40,4.61,scattered clouds
285,Tilichiki,RU,60.4667,166.1,16.75,68,51,14.18,broken clouds
286,Bandarbeyla,SO,9.4942,50.8122,74.82,65,6,3.11,clear sky
287,Sorland,NO,67.667,12.6934,42.06,87,100,36.6,overcast clouds
288,Xianyang,CN,34.3378,108.7026,63.0,51,47,4.47,scattered clouds
289,Nuuk,GL,64.1835,-51.7216,8.6,61,75,11.5,broken clouds
290,Urumqi,CN,43.801,87.6005,46.4,61,100,4.47,overcast clouds
291,Narsimhapur,IN,22.95,79.2,84.56,29,55,4.7,broken clouds
292,Kalmunai,LK,7.4167,81.8167,82.2,73,83,6.82,broken clouds
293,Uvat,RU,59.1433,68.8953,25.7,95,100,7.65,light snow
294,Eureka,US,40.8021,-124.1637,51.8,62,1,11.5,clear sky
295,Lazaro Cardenas,MX,17.9583,-102.2,72.77,71,0,2.59,clear sky
296,Hamilton,US,39.1834,-84.5333,64.99,39,90,9.22,overcast clouds
297,Aklavik,CA,68.2191,-135.0107,5.0,60,100,5.75,overcast clouds
298,Coquimbo,CL,-29.9533,-71.3436,60.8,82,0,1.14,clear sky
299,Nigran,ES,42.1415,-8.8066,53.01,93,75,2.71,broken clouds
300,Semirom,IR,31.4167,51.5667,46.47,59,24,6.11,few clouds
301,Kandrian,PG,-6.2167,149.55,83.93,77,96,3.4,moderate rain
302,Bilibino,RU,68.0546,166.4372,8.91,87,100,2.64,light snow
303,Mitsamiouli,KM,-11.3847,43.2844,81.99,74,53,4.59,broken clouds
304,Pervomayskoye,RU,43.919,46.7102,44.58,89,100,6.11,overcast clouds
305,Villa Carlos Paz,AR,-31.4241,-64.4978,63.0,88,0,4.61,clear sky
306,Dubai,AE,25.2582,55.3047,69.8,83,0,4.61,clear sky
307,Gusau,NG,12.1628,6.6614,82.06,37,28,4.76,scattered clouds
308,Baghdad,IQ,33.3406,44.4009,73.4,38,0,19.57,clear sky
309,Tuatapere,NZ,-46.1333,167.6833,60.01,73,82,1.99,broken clouds
310,Lahaina,US,20.8783,-156.6825,80.6,78,75,8.05,broken clouds
311,Lac Du Bonnet,CA,50.2536,-96.0612,32.86,92,100,10.42,overcast clouds
312,Gerash,IR,27.6652,54.1371,59.0,44,0,0.78,clear sky
313,Cayenne,GF,4.9333,-52.3333,80.01,89,75,6.91,broken clouds
314,Santa Cruz,BO,-17.8,-63.1667,69.8,100,20,3.44,few clouds
315,Auki,SB,-8.7676,160.7034,84.42,72,51,3.22,broken clouds
316,Constitucion,CL,-35.3333,-72.4167,56.41,90,2,11.7,clear sky
317,Port-Gentil,GA,-0.7193,8.7815,80.55,78,100,10.09,moderate rain
318,Ibanda,TZ,-2.7974,32.4746,66.2,94,40,3.24,light rain
319,Sharya,RU,58.3686,45.5144,13.53,95,80,6.38,broken clouds
320,Sulmona,IT,42.0479,13.9291,35.6,75,4,3.76,clear sky
321,Camabatela,AO,-8.1881,15.375,61.18,98,88,1.95,overcast clouds
322,Shiroishi,JP,38.0033,140.6183,64.99,47,40,8.05,scattered clouds
323,Douglas,US,41.3,-96.167,51.01,100,90,5.75,overcast clouds
324,Sao Filipe,CV,14.8961,-24.4956,70.61,75,5,7.78,clear sky
325,Plettenberg Bay,ZA,-34.0527,23.3716,64.18,86,100,4.29,overcast clouds
326,Roncesvalles,CO,4.0108,-75.6049,52.27,95,98,1.32,overcast clouds
327,Neuquen,AR,-38.9516,-68.0591,71.6,43,0,9.22,clear sky
328,Navolato,MX,24.7672,-107.6944,68.0,52,20,4.61,few clouds
329,Zhigansk,RU,66.7697,123.3711,-14.42,88,52,8.01,broken clouds
330,Husavik,IS,66.0449,-17.3389,32.0,74,90,4.61,overcast clouds
331,Nizwa,OM,22.9333,57.5333,72.25,31,0,2.64,clear sky
332,Buraydah,SA,26.326,43.975,75.2,23,0,10.36,clear sky
333,Bhayavadar,IN,21.85,70.25,69.8,94,0,3.44,haze
334,Taoudenni,ML,22.6783,-3.9836,65.17,13,1,11.99,clear sky
335,La Peca,PE,-5.6111,-78.435,69.17,82,98,3.67,overcast clouds
336,Peniche,PT,39.3558,-9.3811,51.01,82,10,1.99,clear sky
337,Taltal,CL,-25.4,-70.4833,65.93,81,41,2.06,scattered clouds
338,Sao Mateus,BR,-18.7161,-39.8589,73.4,89,0,0.58,clear sky
339,Terney,RU,45.0503,136.6092,43.95,42,32,2.91,scattered clouds
340,Manta,EC,-0.95,-80.7333,77.0,78,40,5.75,scattered clouds
341,Jiangyou,CN,31.7667,104.7167,60.31,57,15,3.67,few clouds
342,Lithakia,GR,37.7167,20.8333,39.2,81,20,4.61,few clouds
343,Nizhnyaya Omka,RU,55.4338,74.9426,14.97,96,56,8.12,broken clouds
344,North Bend,US,43.4065,-124.2243,48.2,81,1,18.41,clear sky
345,Cap Malheureux,MU,-19.9842,57.6142,78.01,88,8,1.01,clear sky
346,Shellbrook,CA,53.2168,-106.4011,17.6,62,90,9.22,overcast clouds
347,Mabopane,ZA,-25.4977,28.1007,63.0,94,83,4.74,broken clouds
348,Rudbar,AF,30.15,62.6,71.01,12,95,5.97,overcast clouds
349,Rawah,IQ,34.4816,41.9093,63.97,71,88,9.53,overcast clouds
350,Awjilah,LY,29.1081,21.2869,53.37,59,0,19.1,clear sky
351,Apastepeque,SV,13.6667,-88.7833,75.2,88,20,1.14,few clouds
352,Cidreira,BR,-30.1811,-50.2056,71.8,91,100,8.9,overcast clouds
353,Den Chai,TH,17.9837,100.0522,84.2,54,5,2.3,clear sky
354,Sakakah,SA,29.9697,40.2064,77.0,19,0,17.27,clear sky
355,San Juan De Uraba,CO,8.7592,-76.5297,78.3,83,16,6.64,few clouds
356,Filadelfia,US,39.9523,-75.1638,55.0,76,90,5.75,overcast clouds
357,Japura,ID,-0.3167,102.35,78.6,84,100,3.22,overcast clouds
358,Wundanyi,KE,-3.4019,38.364,60.37,90,64,0.6,broken clouds
359,Dillon,US,34.4166,-79.3712,62.01,88,90,8.05,overcast clouds
360,Los Llanos De Aridane,ES,28.6585,-17.9182,62.6,67,40,9.22,scattered clouds
361,Tautira,PF,-17.7333,-149.15,87.8,58,40,5.75,scattered clouds
362,Pokhara,NP,28.2333,83.9833,82.09,16,0,2.71,clear sky
363,Yulara,AU,-25.2406,130.9889,80.6,54,0,8.05,clear sky
364,Belawan,ID,3.7755,98.6832,78.8,94,75,4.61,broken clouds
365,Tabas,IR,33.5959,56.9244,69.46,13,5,8.5,clear sky
366,Palmer,US,42.1584,-72.3287,53.6,54,75,5.75,broken clouds
367,Parrita,CR,9.5201,-84.3225,69.8,94,75,8.05,broken clouds
368,Safranbolu,TR,41.2508,32.6942,33.33,97,100,3.51,light snow
369,Clyde River,CA,70.4692,-68.5914,-18.4,76,90,8.05,overcast clouds
370,Huarmey,PE,-10.0681,-78.1522,71.91,80,100,9.24,overcast clouds
371,Kavaratti,IN,10.5669,72.642,83.07,71,16,4.81,few clouds
372,Loa Janan,ID,-0.583,117.095,80.89,81,93,2.19,overcast clouds
373,Yenagoa,NG,4.9247,6.2642,76.21,90,100,1.88,light rain
374,Greece,US,43.2098,-77.6931,57.2,33,75,6.91,broken clouds
375,Nandyal,IN,15.4833,78.4833,84.52,31,2,3.31,clear sky
376,Sioux Lookout,CA,50.1001,-91.917,39.2,41,75,2.3,broken clouds
377,Oranjemund,NA,-28.55,16.4333,64.74,78,0,4.83,clear sky
378,Itarema,BR,-2.9248,-39.9167,76.35,86,48,7.31,scattered clouds
379,Ilinskiy,RU,55.619,38.1182,19.4,93,0,2.24,clear sky
380,Moose Factory,CA,51.2585,-80.6094,30.2,86,75,3.44,broken clouds
381,Tarazona,ES,41.9,-1.7333,41.0,80,48,3.44,scattered clouds
382,Verkh-Usugli,RU,52.7,115.1667,31.73,60,65,3.67,broken clouds
383,Wilhelmshaven,DE,53.5167,8.1333,44.6,70,12,3.44,few clouds
384,Impfondo,CG,1.6381,18.0667,71.08,88,81,2.91,broken clouds
385,Russell,US,32.3502,-85.1999,62.6,88,75,5.75,heavy intensity rain
386,Tessalit,ML,20.1986,1.0114,66.29,10,8,8.39,clear sky
387,Springbok,ZA,-29.6643,17.8865,63.34,75,0,4.81,clear sky
388,Biltine,TD,14.5333,20.9167,81.43,13,87,7.45,overcast clouds
389,Grand-Santi,GF,4.25,-54.3833,72.97,99,100,1.52,moderate rain
390,Isangel,VU,-19.55,169.2667,80.51,63,98,9.78,overcast clouds
391,Kropotkin,RU,45.4375,40.5756,35.01,88,100,7.07,snow
392,Namatanai,PG,-3.6667,152.4333,82.94,74,71,8.32,light rain
393,Ulladulla,AU,-35.35,150.4667,78.8,44,0,17.27,clear sky
394,Dilijan,AM,40.741,44.8636,44.37,95,97,5.77,overcast clouds
395,Carballo,ES,43.213,-8.691,50.0,71,75,2.3,broken clouds
396,Balkhash,KZ,46.844,74.9804,23.0,74,0,6.71,clear sky
397,Laives,IT,46.4228,11.3348,36.0,52,2,2.73,clear sky
398,Kalinovskaya,RU,43.5758,45.5192,42.8,100,90,8.95,mist
399,Sola,VU,-13.8833,167.55,81.43,69,5,5.73,clear sky
400,Sagar,IN,23.8333,78.7167,79.97,29,2,7.05,clear sky
401,Hella,NO,67.2,14.4333,44.6,76,75,24.16,light rain
402,Keti Bandar,PK,24.1447,67.4497,77.81,63,3,8.28,clear sky
403,Souillac,MU,-20.5167,57.5167,77.0,94,20,4.61,few clouds
404,Cockburn Town,TC,21.4612,-71.1419,77.56,77,0,15.32,clear sky
405,Vila Velha,BR,-20.3297,-40.2925,75.2,94,20,2.3,few clouds
406,Te Anau,NZ,-45.4167,167.7167,58.95,65,88,2.77,overcast clouds
407,Ewa Beach,US,21.3156,-158.0072,77.0,73,20,6.91,light rain
408,Jackson,US,42.4165,-122.8345,55.4,44,1,9.22,clear sky
409,Labrea,BR,-7.2586,-64.7981,70.68,93,100,2.66,overcast clouds
410,Barranca,PE,-10.75,-77.7667,70.88,79,100,8.57,overcast clouds
411,Bintulu,MY,3.1667,113.0333,86.0,79,40,3.44,scattered clouds
412,Werda,BW,-25.2667,23.2833,64.24,92,100,6.98,moderate rain
413,Leopold,AU,-38.1833,144.4667,66.2,88,75,16.11,broken clouds
414,Teguldet,RU,57.3064,88.1667,27.14,87,100,8.16,overcast clouds
415,Narkevychi,UA,49.5172,26.6418,25.84,82,6,10.76,clear sky
416,Uetze,DE,52.4651,10.2047,42.01,87,0,3.44,clear sky
417,Pasuruan,ID,-7.6453,112.9075,84.2,74,20,4.61,few clouds
418,Kijang,KR,35.2442,129.2139,59.0,31,0,12.66,clear sky
419,Sao Joao Da Barra,BR,-21.6403,-41.0511,74.32,88,0,3.78,clear sky
420,Casablanca,MA,33.5928,-7.6192,46.4,100,0,2.3,clear sky
421,Yangambi,CD,0.8102,24.4336,67.39,95,43,1.61,light rain
422,Puerto Colombia,CO,10.9878,-74.9547,78.8,89,40,11.5,scattered clouds
423,Victor Harbor,AU,-35.5667,138.6167,73.99,60,35,15.14,scattered clouds
424,La Asuncion,VE,11.0333,-63.8628,76.28,82,10,15.14,clear sky
425,Kushchevskaya,RU,46.5564,39.6386,33.62,97,100,9.37,snow
426,Athabasca,CA,54.7169,-113.2854,35.6,64,100,2.3,light snow
427,Portland,US,45.5234,-122.6762,51.01,56,51,1.01,broken clouds
428,Sandi,IN,27.3,79.95,85.71,19,80,11.61,broken clouds
429,Pueblo Nuevo Solistahuacan,MX,17.1,-92.8833,82.4,39,1,11.5,clear sky
430,Coihaique,CL,-45.5752,-72.0662,39.27,94,7,7.36,clear sky
431,Jiaocheng,CN,24.6774,116.1389,73.53,49,39,2.51,scattered clouds
432,Arinos,BR,-15.9169,-46.1056,69.78,67,92,2.19,overcast clouds
433,Port Blair,IN,11.6667,92.75,86.09,65,100,8.34,overcast clouds
434,Andra,RU,62.5147,65.8878,12.22,97,61,3.09,broken clouds
435,Marienburg,PL,54.0359,19.0266,39.0,100,7,6.73,clear sky
436,Bossier City,US,32.516,-93.7321,66.2,42,1,3.62,clear sky
437,Barra Patuca,HN,15.8,-84.2833,78.15,78,0,14.81,clear sky
438,Chistogorskiy,RU,53.9835,87.3843,33.21,94,100,3.83,light rain
439,Ayan,RU,56.45,138.1667,8.92,54,98,23.69,overcast clouds
440,Miracema Do Tocantins,BR,-9.5618,-48.3967,74.89,87,100,1.88,overcast clouds
441,Harper,LR,4.375,-7.7169,78.1,88,100,7.07,light rain
442,Kedrovyy,RU,56.1667,91.8167,24.8,93,100,8.95,mist
443,Yar-Sale,RU,66.8333,70.8333,15.08,97,98,7.96,overcast clouds
444,Aurangabad,IN,19.8833,75.3333,68.0,83,20,3.27,haze
445,Luwuk,ID,-0.9516,122.7875,86.09,69,100,2.48,moderate rain
446,Sulina,RO,45.1559,29.6536,32.85,64,2,14.14,clear sky
447,Erenhot,CN,43.6475,111.9767,48.69,26,0,12.3,clear sky
448,Iraquara,BR,-12.2486,-41.6194,64.13,77,13,3.87,few clouds
449,Linxia,CN,35.6003,103.2064,49.95,17,59,0.85,broken clouds
450,Envira,BR,-7.3,-70.2167,70.84,98,99,0.65,overcast clouds
451,Saryg-Sep,RU,51.5,95.6,33.46,81,100,1.23,overcast clouds
452,Lorengau,PG,-2.0226,147.2712,85.3,67,86,7.09,overcast clouds
453,Nago,JP,26.5881,127.9761,69.8,60,75,13.8,broken clouds
454,Muros,ES,42.7762,-9.0603,48.99,88,71,3.83,broken clouds
455,Zhoucun,CN,36.8167,117.8167,65.12,33,95,3.49,overcast clouds
456,Adrar,MR,20.5022,-10.0711,69.85,15,0,14.27,clear sky
457,Faanui,PF,-16.4833,-151.75,83.97,73,9,19.73,light rain
458,Ballina,AU,-28.8667,153.5667,84.2,54,3,18.41,clear sky
459,Niamey,NE,13.5137,2.1098,84.2,13,100,5.75,overcast clouds
460,Bay Roberts,CA,47.5999,-53.2648,39.99,69,99,4.0,overcast clouds
461,Miguel Hidalgo,MX,19.4225,-99.2028,71.6,23,1,11.5,clear sky
462,Manggar,ID,-2.8833,108.2667,85.78,64,100,3.02,overcast clouds
463,Skovorodino,RU,53.9833,123.9167,24.6,78,99,2.93,overcast clouds
464,Akureyri,IS,65.6835,-18.0878,32.0,74,90,4.61,overcast clouds
465,Lagoa,PT,39.05,-27.9833,54.59,52,19,4.83,few clouds
466,Noumea,NC,-22.2763,166.4572,86.0,58,75,5.75,broken clouds
467,Robe,AU,-37.1833,139.75,63.32,87,61,17.56,broken clouds
468,Port Macquarie,AU,-31.4333,152.9167,86.0,49,1,1.99,clear sky
469,Labuhan,ID,-6.8844,112.2051,84.09,68,93,3.44,overcast clouds
470,Santa Isabel,BR,-23.3156,-46.2214,73.4,88,0,2.3,clear sky
471,San Quintin,MX,30.4833,-115.95,55.81,74,49,14.52,scattered clouds
472,Circleville,US,39.6006,-82.946,62.6,45,1,10.36,clear sky
473,Kalianget,ID,-7.05,113.9333,82.85,74,100,1.99,overcast clouds
474,Upata,VE,8.0086,-62.3989,77.0,83,95,4.0,overcast clouds
475,Nabire,ID,-3.3667,135.4833,87.17,63,90,4.92,overcast clouds
476,Ostrowiec Swietokrzyski,PL,50.9294,21.3853,39.99,90,100,1.01,overcast clouds
477,Kaeo,NZ,-35.1,173.7833,64.04,77,65,0.96,broken clouds
478,Vanimo,PG,-2.6741,141.3028,83.91,76,93,6.4,overcast clouds
479,Lesnoy,RU,57.6198,63.0784,24.35,93,85,7.94,overcast clouds
480,Port Lincoln,AU,-34.7333,135.8667,71.96,62,21,13.31,few clouds
481,Rolla,US,37.9514,-91.7713,54.0,71,75,11.5,broken clouds
482,Mabaruma,GY,8.2,-59.7833,75.47,79,88,3.31,overcast clouds
483,Magadi,IN,12.9667,77.2333,82.0,88,4,2.3,mist
484,Dabakala,CI,8.3667,-4.4333,75.42,87,100,6.13,overcast clouds
485,Xuddur,SO,4.1213,43.8894,68.63,73,61,17.25,broken clouds
486,Maniitsoq,GL,65.4167,-52.9,-4.63,93,78,9.35,broken clouds
487,Sokoto,NG,13.0609,5.239,82.31,18,91,7.9,overcast clouds
488,Bubaque,GW,11.2833,-15.8333,76.78,66,4,16.2,clear sky
489,Pacific Grove,US,36.6177,-121.9166,55.4,67,1,13.94,clear sky
490,Margate,GB,51.3813,1.3862,42.01,83,46,1.99,scattered clouds
491,Lembang,ID,-6.8117,107.6175,74.93,65,80,2.13,broken clouds
492,Emerald,AU,-23.5333,148.1667,90.0,55,40,11.5,scattered clouds
493,Ko Samui,TH,9.5357,99.9357,86.0,70,20,8.05,few clouds
494,Broken Hill,AU,-31.95,141.4333,69.8,49,0,13.8,clear sky
495,Durban,ZA,-29.8579,31.0292,66.99,88,75,2.3,broken clouds
496,Lisala,CD,2.15,21.5167,70.32,82,60,1.1,broken clouds
497,Nouadhibou,MR,20.931,-17.0347,62.11,89,0,19.13,clear sky
498,Camocim,BR,-2.9022,-40.8411,75.51,90,100,7.09,overcast clouds
499,Meadow Lake,US,34.8014,-106.5436,46.99,70,90,1.72,overcast clouds
500,Kaitangata,NZ,-46.2817,169.8464,59.0,72,98,4.0,overcast clouds
501,Kindia,GN,10.0569,-12.8658,74.05,55,100,3.76,overcast clouds
502,Grand Gaube,MU,-20.0064,57.6608,78.01,88,9,1.01,clear sky
503,Rabo De Peixe,PT,37.8,-25.5833,55.4,82,20,17.27,few clouds
504,Beisfjord,NO,68.3751,17.5988,32.0,100,90,4.61,light snow
505,Lata,PT,40.1629,-8.3327,53.01,82,4,1.14,clear sky
506,Rawson,AR,-43.3002,-65.1023,64.87,46,49,7.4,scattered clouds
507,Blagoveshchensk,RU,50.2667,127.5333,35.6,21,20,8.95,few clouds
508,Ludvika,SE,60.1496,15.1878,39.99,87,90,12.66,overcast clouds
509,Christchurch,NZ,-43.5333,172.6333,59.0,88,90,8.05,drizzle
510,Kiunga,PG,-6.1219,141.2906,74.3,97,100,1.81,overcast clouds
511,Grand Forks,US,47.9417,-97.4337,33.8,93,90,20.71,overcast clouds
512,Abu Samrah,SY,35.3029,37.1841,50.81,72,14,29.33,few clouds
513,Acajutla,SV,13.5928,-89.8275,70.0,96,0,1.99,clear sky
514,Creston,US,41.0586,-94.3614,48.2,100,90,6.91,overcast clouds
515,Launceston,AU,-41.45,147.1667,61.0,88,90,25.32,light rain
516,Shache,CN,38.4167,77.2406,54.36,27,100,5.64,overcast clouds
517,Ariquemes,BR,-9.9133,-63.0408,70.7,99,100,1.12,overcast clouds
518,Mortka,RU,59.3322,66.0214,26.28,94,92,8.63,overcast clouds
519,General Roca,AR,-39.0333,-67.5833,71.6,43,0,9.22,clear sky
520,Tambura,SS,5.6,27.4667,70.83,79,100,1.7,overcast clouds
521,Havoysund,NO,70.9963,24.6622,35.6,69,75,17.27,broken clouds
522,Dudinka,RU,69.4058,86.1778,12.63,93,100,19.28,light snow
523,Asyut,EG,27.181,31.1837,68.0,32,0,18.41,clear sky
524,Katesh,TZ,-4.5167,35.3833,56.14,96,16,4.14,few clouds
525,Lucapa,AO,-8.4192,20.7447,64.0,93,47,1.1,scattered clouds
526,Kolokani,ML,13.5728,-8.0339,80.94,16,82,14.25,broken clouds
527,Hamm,DE,51.6803,7.8209,41.0,75,20,12.66,few clouds
528,Eyl,SO,7.9803,49.8164,72.63,74,42,7.31,scattered clouds
529,Shimoda,JP,34.6667,138.95,64.4,55,20,16.11,few clouds
530,Ushtobe,KZ,45.2514,77.9838,37.0,61,5,4.47,clear sky
531,Warmbad,NA,-28.45,18.7333,70.12,68,0,10.71,clear sky
532,Boende,CD,-0.2167,20.8667,69.87,94,72,2.66,broken clouds
533,Vanavara,RU,60.34,102.2797,17.31,79,36,4.79,scattered clouds
534,Ayagoz,KZ,47.9714,80.4392,18.97,92,49,14.03,scattered clouds
535,Komsomolskiy,UZ,40.4272,71.7189,48.2,76,4,2.3,clear sky
536,Longonjo,AO,-12.9067,15.2533,61.88,97,92,1.61,light rain
537,Rocha,UY,-34.4833,-54.3333,63.43,82,53,4.54,broken clouds
538,Waynesville,US,35.4887,-82.9887,52.0,59,100,3.0,overcast clouds
539,Tanete,ID,-3.9443,119.7848,89.04,58,92,5.44,overcast clouds
540,Canutama,BR,-6.5339,-64.3831,71.47,98,100,1.43,overcast clouds
541,Ascension,US,30.2169,-90.9001,62.6,100,90,8.05,overcast clouds
542,Vagur,FO,61.4732,-6.8119,41.7,72,26,35.43,scattered clouds
543,Iseyin,NG,7.9667,3.6,73.94,85,26,4.83,scattered clouds
544,Gaziantep,TR,37.0594,37.3825,50.0,76,75,18.41,broken clouds
545,Kerrobert,CA,51.9168,-109.1348,24.8,93,40,13.8,scattered clouds
546,Pangody,RU,65.85,74.4859,17.64,95,90,11.7,overcast clouds
547,Zhoucheng,CN,35.9122,116.3117,63.59,45,99,7.58,overcast clouds
548,Nizhniy Kuranakh,RU,58.8353,125.4869,9.37,81,100,5.95,overcast clouds
549,Nokaneng,BW,-19.6667,22.2667,68.38,81,14,5.84,few clouds
550,Nsanje,MW,-16.92,35.262,70.74,98,68,2.82,broken clouds
551,Chamonix-Mont-Blanc,FR,45.9238,6.8693,28.0,92,0,4.34,clear sky
552,Kholodnyy,RU,62.7167,147.95,4.53,74,100,11.36,overcast clouds
553,Salalah,OM,17.0151,54.0924,73.4,40,0,2.3,clear sky
554,Xichang,CN,27.8964,102.2634,68.81,41,0,3.51,clear sky
555,Inuvik,CA,68.3499,-133.7218,5.0,60,100,5.75,overcast clouds
556,Semikarakorsk,RU,47.5194,40.8112,33.8,93,75,4.47,snow
557,Pitimbu,BR,-7.4706,-34.8086,77.0,94,20,3.44,few clouds
558,Natal,BR,-5.795,-35.2094,77.0,94,20,3.44,few clouds
559,Santiago De Cao,PE,-7.9589,-79.2392,69.8,88,40,8.05,scattered clouds
560,Sovetskiy,RU,61.3614,63.5842,19.38,92,91,6.44,overcast clouds
561,Zatyshshya,UA,47.3335,29.8733,28.06,84,48,10.71,scattered clouds
562,Indergarh,IN,26.9352,79.6724,85.33,20,54,12.55,broken clouds
563,Lazeshchyna,UA,48.2685,24.4201,13.15,98,100,2.37,overcast clouds
564,Kieta,PG,-6.2167,155.6333,83.34,72,100,3.62,light rain
565,Port Augusta,AU,-32.5,137.7667,73.0,56,2,11.5,clear sky
566,Beringovskiy,RU,63.05,179.3167,30.61,83,52,5.88,broken clouds
567,Necochea,AR,-38.5473,-58.7368,62.01,79,2,5.01,clear sky
568,Qiqihar,CN,47.3408,123.9672,46.72,33,6,7.47,clear sky
569,Mulege,MX,26.8833,-111.9833,63.16,54,57,5.57,broken clouds
570,Prince Albert,CA,53.2001,-105.7677,17.6,62,90,9.22,overcast clouds
571,Anchorage,US,61.2181,-149.9003,30.2,47,1,3.44,clear sky
572,Luzhou,CN,28.8724,105.4405,66.27,52,1,3.02,clear sky
573,Shingu,JP,33.7333,135.9833,62.6,55,40,9.22,scattered clouds
574,Praia,CV,14.9215,-23.5087,68.0,77,20,17.27,few clouds
575,Tazovskiy,RU,67.4667,78.7,16.56,94,97,11.18,overcast clouds
576,Roald,NO,62.5833,6.1333,44.6,76,40,19.57,scattered clouds
577,Dunedin,NZ,-45.8742,170.5036,57.0,77,100,4.0,overcast clouds
578,Naryan-Mar,RU,67.6713,53.087,26.96,93,100,13.71,light snow
579,Panjab,AF,34.388,67.0233,21.38,77,3,2.15,clear sky
580,Raychikhinsk,RU,49.7838,129.4121,30.79,25,57,5.19,broken clouds
581,Great Falls,US,47.5002,-111.3008,30.0,74,1,3.44,clear sky
582,Wanxian,CN,30.8039,108.3897,64.94,56,0,2.44,clear sky
583,Pong,TH,19.1493,100.2752,78.8,65,0,2.3,clear sky
584,Nipawin,CA,53.3668,-104.0009,15.8,73,90,2.3,overcast clouds
585,Alekseyevsk,RU,57.8406,108.3492,28.22,90,100,5.82,overcast clouds
586,Thinadhoo,MV,0.5333,72.9333,82.67,73,86,7.56,overcast clouds
587,Sangar,RU,63.9242,127.4739,-12.1,91,100,6.29,overcast clouds
588,San Isidro,PE,-12.1167,-77.05,71.6,78,0,12.66,clear sky
589,Kununurra,AU,-15.7667,128.7333,91.4,66,40,4.61,scattered clouds
590,Jurmala,LV,56.968,23.7704,30.2,93,0,5.75,clear sky
591,Doha,QA,25.2867,51.5333,75.2,35,0,4.61,clear sky
592,Los Mochis,MX,25.7667,-108.9667,68.0,19,75,5.17,broken clouds
593,Iralaya,HN,15.0,-83.2333,77.43,72,22,10.2,few clouds
594,Tobermory,CA,45.2501,-81.6665,37.4,87,100,3.44,overcast clouds
595,Humberto De Campos,BR,-2.5983,-43.4611,74.32,94,98,4.05,overcast clouds
596,Baryatino,RU,54.3121,34.521,12.04,97,42,3.96,scattered clouds
597,Sindor,RU,62.8629,51.8905,22.17,94,100,11.63,light snow
598,Sajanan,TN,37.0573,9.2426,55.4,67,40,12.66,scattered clouds
599,Sale,MA,34.0389,-6.8166,50.0,93,0,3.94,clear sky
600,Shibata,JP,37.95,139.3333,60.8,33,0,8.05,clear sky
601,Katsuura,JP,35.1333,140.3,64.99,42,20,17.27,few clouds
602,Matagami,CA,49.7502,-77.6328,39.2,48,90,2.3,overcast clouds
603,Sur,OM,22.5667,59.5289,78.51,37,0,8.63,clear sky
604,Palora,EC,-1.7,-77.9333,64.8,97,99,2.8,overcast clouds
605,Uppsala,SE,60.0,17.75,42.01,87,90,12.66,overcast clouds
606,Guru Har Sahai,IN,30.7167,74.4167,68.9,46,2,9.13,clear sky
607,Wadi Maliz,TN,36.4681,8.5495,46.4,87,40,4.61,scattered clouds
608,Ullapool,GB,57.8987,-5.1604,41.0,66,26,8.01,scattered clouds
609,Chilca,PE,-12.5211,-76.7372,71.6,78,0,12.66,clear sky
610,Pirovskoye,RU,57.6267,92.2658,27.07,88,100,8.79,overcast clouds
611,Acapulco,MX,16.8634,-99.8901,78.8,65,1,6.91,clear sky
612,Longyearbyen,SJ,78.2186,15.6401,24.8,68,75,1.14,broken clouds
613,Canoinhas,BR,-26.1772,-50.39,64.54,99,100,0.72,overcast clouds
614,Razole,IN,16.4833,81.8333,82.4,69,75,2.3,haze
615,Port Hawkesbury,CA,45.6169,-61.3485,46.4,61,1,8.05,clear sky
616,Hobyo,SO,5.3505,48.5268,76.89,64,31,11.05,scattered clouds
617,Mulki,IN,13.1,74.8,82.4,83,20,3.44,mist
618,Bontang,ID,0.1333,117.5,83.3,69,84,5.99,moderate rain
619,Panaba,MX,21.2833,-88.2667,75.36,78,0,11.3,clear sky
620,Bereda,ES,43.2686,-7.5406,50.0,71,75,2.3,broken clouds
621,Okhotsk,RU,59.3833,143.3,8.44,84,100,12.33,overcast clouds
622,Derzhavinsk,KZ,51.1,66.3167,15.48,96,100,10.92,overcast clouds
623,Wajima,JP,37.4,136.9,57.2,51,20,18.41,few clouds
624,Berberati,CF,4.2612,15.7922,67.69,95,100,2.42,overcast clouds
625,Pavino,RU,59.1139,46.1414,19.31,92,92,9.13,overcast clouds
626,Fredericton,CA,45.9454,-66.6656,41.0,81,1,4.61,clear sky
627,Mezen,RU,65.8522,44.24,27.57,85,22,11.1,few clouds
628,Baijiantan,CN,45.6333,85.1833,48.11,45,100,35.63,overcast clouds
629,San Jose,US,37.3394,-121.895,62.6,27,1,20.71,clear sky
630,Samarai,PG,-10.6167,150.6667,85.93,69,95,13.4,overcast clouds
631,Raudeberg,NO,61.9875,5.1352,44.01,87,100,34.9,overcast clouds
632,Kuandian,CN,40.7286,124.7847,48.02,62,100,4.03,overcast clouds
633,Xai-Xai,MZ,-25.0519,33.6442,69.82,77,53,7.25,broken clouds
634,Botro,CI,7.8525,-5.3106,74.95,86,91,6.15,overcast clouds
635,Carlsbad,US,33.1581,-117.3506,57.2,72,1,8.05,clear sky
636,Srednekolymsk,RU,67.45,153.6833,2.19,86,100,10.29,overcast clouds
637,Lasa,IT,46.6166,10.7002,36.0,74,0,8.05,clear sky
638,Ahipara,NZ,-35.1667,173.1667,65.57,68,66,7.05,broken clouds
639,Hereford,GB,52.0568,-2.7148,46.0,92,100,5.99,overcast clouds
640,Frolovo,RU,49.7713,43.6622,34.0,94,100,10.0,light rain
641,Seoul,KR,37.5683,126.9778,55.4,44,0,10.36,clear sky
642,Cuamba,MZ,-14.8031,36.5372,64.83,98,37,3.76,scattered clouds
643,Kiama,AU,-34.6833,150.8667,82.0,52,0,8.39,clear sky
644,Aksu,CN,41.1231,80.2644,53.1,33,69,4.88,broken clouds
645,Asau,RO,46.4333,26.4,28.99,80,75,11.5,broken clouds
646,Bambui,BR,-20.0064,-45.9769,73.17,62,100,1.86,overcast clouds
647,Nome,US,64.5011,-165.4064,9.0,85,90,31.07,heavy snow
648,Balkanabat,TM,39.5108,54.3671,69.17,28,100,8.81,overcast clouds
649,Muisne,EC,0.6,-80.0333,76.23,86,83,1.3,broken clouds
650,Porbandar,IN,21.6422,69.6093,69.8,94,0,3.44,haze
651,Itaqui,BR,-29.1253,-56.5531,68.18,90,6,8.61,clear sky
652,Lakes Entrance,AU,-37.8811,147.981,70.0,81,100,5.01,light rain
653,Dali,CN,25.7,100.1833,67.91,27,0,6.29,clear sky
654,Balestrand,NO,61.2076,6.5334,41.0,89,100,7.0,light rain
655,Ndago,TZ,-4.6,34.35,60.71,85,29,5.95,scattered clouds
656,Chifeng,CN,42.2683,118.9636,52.5,21,49,2.35,scattered clouds
657,Palladam,IN,10.9833,77.3,77.0,78,20,5.75,mist
658,Orel-Izumrud,RU,43.4583,39.9244,42.8,87,90,11.18,overcast clouds
659,Coromandel,BR,-18.4733,-47.2003,66.92,70,100,1.72,overcast clouds
660,Atar,MR,20.5169,-13.0499,74.61,13,3,4.99,clear sky
661,Berbera,SO,10.4396,45.0143,74.82,70,0,2.39,clear sky
662,Alyangula,AU,-13.8483,136.4192,84.25,72,100,5.26,overcast clouds
663,Sant Julia De Loria,AD,42.4625,1.4825,37.0,48,0,4.14,clear sky
664,Hurricane,US,37.1753,-113.2899,53.6,28,1,36.82,clear sky
665,Presidente Medici,BR,-11.1753,-61.9014,71.13,98,100,2.59,overcast clouds
666,Batemans Bay,AU,-35.7167,150.1833,81.0,49,1,8.01,clear sky
667,Jumla,NP,29.2747,82.1838,52.18,45,100,3.62,overcast clouds
668,Conakry,GN,9.538,-13.6773,78.39,64,76,2.1,broken clouds
669,Mogadishu,SO,2.0371,45.3438,77.77,78,59,11.81,broken clouds
670,Coos Bay,US,43.3665,-124.2179,48.2,81,1,18.41,clear sky
671,Laguna,US,38.421,-121.4238,64.4,17,1,12.66,clear sky
672,Olinda,BR,-8.0089,-34.8553,77.0,78,40,3.44,scattered clouds
673,Melville,US,40.7934,-73.4151,50.0,87,1,3.44,clear sky
674,Monterey,US,36.2505,-121.2516,37.0,55,0,14.85,clear sky
675,Mamontovo,RU,52.7055,81.6244,29.34,94,100,27.09,snow
676,Guangshui,CN,31.6199,113.9978,62.42,59,0,10.13,clear sky
677,Kadoma,JP,34.7333,135.5833,64.99,55,40,4.61,scattered clouds
678,Fallon,US,39.4735,-118.7774,41.0,52,75,6.91,broken clouds
679,Chino,US,34.0122,-117.6889,62.6,48,1,6.91,clear sky
680,Axim,GH,4.8699,-2.2405,79.27,84,100,11.16,overcast clouds
681,Reo,BF,12.3167,-2.4667,83.48,16,18,10.38,few clouds
682,Miraflores,MX,19.2167,-98.8083,71.6,23,1,11.5,clear sky
683,Nova Mayachka,UA,46.6,33.2271,23.0,93,0,8.95,clear sky
684,Mustasaari,FI,63.1142,21.6822,37.99,81,0,8.05,clear sky
685,Zihuatanejo,MX,17.6333,-101.55,74.57,65,0,1.74,clear sky
686,Kailua,US,21.4022,-157.7394,78.8,61,1,10.36,light rain
687,Sibolga,ID,1.7427,98.7792,77.16,87,100,2.04,overcast clouds
688,Sechura,PE,-5.5569,-80.8222,75.25,71,98,16.64,overcast clouds
689,Igunga,TZ,-4.2833,33.8833,64.9,83,24,4.23,few clouds
690,Sibiti,CG,-3.6819,13.3499,67.98,99,95,1.23,moderate rain
691,Olafsvik,IS,64.8945,-23.7142,34.38,61,100,18.05,overcast clouds
